Account_ID,F_name,L_name,Email,Password,Birthdate,Address,Username
1,Jaquith,Luther,jluther0@feedburner.com,Big3242,12/28/2001,05 Weeping Birch Park,jluther0
2,Maible,Murkin,mmurkin1@dyndns.org,dfafavsdai83,3/27/1997,4776 Vera Alley,mmurkin1
3,Ambur,McNevin,amcnevin2@smh.com.au,124dfaq35,6/20/2005,95 Bluejay Hill,amcnevin2
4,Loren,Spinnace,lspinnace3@deviantart.com,583F23!36,2/9/2006,6 Scofield Trail,lspinnace3
5,Melony,Mufford,mmufford4@hubpages.com,54185F5y66d,9/5/1985,98 Bowman Alley,mmufford4
6,Nathanael,Redmain,nredmain5@mail.ru,5djmreF5,10/11/2003,48 Bartillon Junction,nredmain5
7,Jessie,Cawkill,jcawkill6@webnode.com,586992fggbmij,8/7/1998,1867 Summerview Lane,jcawkill6
8,Kitty,McKelloch,kmckelloch7@state.tx.us,5215fdsfhmc,5/23/2001,500 Derek Circle,kmckelloch7
9,Woody,Jobb,wjobb8@artisteer.com,58wsdfd46t39,4/4/2002,5 Merry Lane,wjobb8
10,Charmian,Trevers,ctrevers9@disqus.com,affs6z34&&2,9/5/2000,6 Carioca Plaza,ctrevers9
11,Hallsy,Comino,hcominoa@rediff.com,251#$1263fsg,1/23/1989,65474 David Place,hcominoa
12,Gweneth,Philipeau,gphilipeaub@dailymotion.com,f##2232f4sjsa,1/25/1997,2 Menomonie Junction,gphilipeaub
13,Eli,Rasp,traspc@360.cn,aadgF3546KK2,6/5/1969,78 Fair Oaks Center,traspc
14,Humbert,Hartles,hhartlesd@vimeo.com,4hskdghjGS86,7/7/2001,44 Atwood Junction,hhartlesd
15,Palm,Fawley,pfawleye@twitter.com,43f2ZZAdw51,3/13/1972,0 Westridge Drive,pfawleye
16,Leonard,Wyant,lwyantf@xinhuanet.com,a65FSA%9f,11/12/2004,216 Rutledge Pass,lwyantf
17,Carce,O'Sculley,cosculleyg@sbwire.com,Fksa!#342fd,12/3/1987,898 Fairview Court,cosculleyg
18,Lem,Drought,ldroughth@webs.com,FFDSFDGSG65,6/12/1995,7019 Veith Point,ldroughth
19,Abelard,Maddy,amaddyi@friendfeed.com,Yewaif42415&,2/26/2001,7 Fairfield Place,amaddyi
20,Pinchas,Storr,pstorrj@sbwire.com,FK2345*fsf,10/4/2000,04629 Kropf Point,pstorrj
